,id,businessDate,securityId,symbol,securityName,openPrice,highPrice,lowPrice,closePrice,totalTradedQuantity,totalTradedValue,previousDayClosePrice,fiftyTwoWeekHigh,fiftyTwoWeekLow,lastUpdatedTime,lastUpdatedPrice,totalTrades,averageTradedPrice,marketCapitalization
0,,2023-06-22,2790,ACLBSL,Aarambha Chautari Laghubitta Bittiya Sanstha Limited,590.0,607.0,590.0,594.0,1040,623572.5,590.1,977.1,530.0,2023-06-22T14:59:54.617774,594.0,33,599.58,2180.83
1,,2023-06-22,397,ADBL,Agricultural Development Bank Limited,233.5,233.5,226.5,228.0,25728,5856457.6,229.0,355.8,224.0,2023-06-22T14:59:33.934153,228.0,205,227.62,30669.82
2,,2023-06-22,2886,ADBLD83,10.35% Agricultural Bank Debenture 2083,1008.3,1008.3,1008.3,1008.3,10,10083.0,1028.8,1066.0,865.1,2023-06-22T12:56:33.570198,1008.3,1,1008.3,
3,,2023-06-22,9150,AHL,Asian Hydropower Limited,369.7,375.3,356.1,356.4,4980,1813100.0,362.6,480.9,298.8,2023-06-22T14:59:49.120939,356.4,147,364.07,1211.76
4,,2023-06-22,360,AHPC,Arun Valley Hydropower Development Co. Ltd.,305.7,305.7,290.5,294.8,116487,34417313.9,299.8,408.0,250.0,2023-06-22T14:59:57.749809,294.8,346,295.46,5506.75
5,,2023-06-22,2788,AKJCL,Ankhu Khola Jalvidhyut Company Ltd,210.0,211.0,205.0,205.2,30881,6409603.5,209.0,262.0,159.8,2023-06-22T14:59:46.761404,205.2,181,207.55,1641.6
6,,2023-06-22,2757,AKPL,Arun Kabeli Power Ltd.,366.0,366.0,351.0,358.0,79313,28234115.9,360.7,519.0,325.0,2023-06-22T14:59:58.274339,358.0,411,355.98,7305.82
7,,2023-06-22,2807,ALBSL,Asha Laghubitta Bittiya Sanstha Ltd,743.0,743.0,710.4,721.0,793,574308.8,732.0,1392.0,649.0,2023-06-22T14:58:53.703162,721.0,35,724.22,2751.45
8,,2023-06-22,385,ALICL,Asian Life Insurance Co. Limited,666.0,685.0,666.0,682.0,94313,64151550.5,667.0,758.0,428.0,2023-06-22T14:59:53.228502,682.0,446,680.19,21519.15
9,,2023-06-22,9161,ANLB,Aatmanirbhar Laghubitta Bittiya Sanstha Limited,2301.1,2367.0,2301.1,2320.1,1223,2855743.0,2328.3,2576.0,403.8,2023-06-22T14:58:06.998819,2320.1,94,2335.03,1446.3
10,,2023-06-22,697,API,Api Power Company Ltd.,252.8,260.0,247.3,249.8,198066,50007273.3,247.9,315.0,200.0,2023-06-22T14:59:52.667062,249.8,916,252.47,10324.94
11,,2023-06-22,8117,AVYAN,Aviyan Laghubitta Bittiya Sanstha Limited,639.0,663.0,639.0,641.1,1806,1173590.2,650.0,963.0,316.0,2023-06-22T14:59:58.666419,641.1,82,649.82,1602.75
12,,2023-06-22,686,BARUN,Barun Hydropower Co. Ltd.,252.0,265.0,247.1,257.0,28742,7399065.5,257.0,500.0,190.3,2023-06-22T14:59:59.863434,257.0,130,257.43,1377.04
13,,2023-06-22,156,BBC,Bishal Bazar Company Limited,3510.0,3510.0,3406.0,3471.0,336,1158903.0,3460.0,4300.0,3050.0,2023-06-22T14:59:55.839403,3471.0,16,3449.11,1705.65
14,,2023-06-22,9171,BEDC,Bhugol Energy Development Company Limited,269.0,270.0,261.0,264.0,9747,2575265.4,271.0,326.3,202.8,2023-06-22T14:59:53.021419,264.0,549,264.21,1436.3
15,,2023-06-22,227,BFC,Best Finance Company Ltd.,329.2,334.5,317.0,322.0,12579,4080584.8,326.0,475.0,287.0,2023-06-22T14:59:59.52291,322.0,113,324.39,2752.51
16,,2023-06-22,8075,BHDC,Bindhyabasini Hydropower Development Company Limited,390.2,402.0,385.0,393.0,5259,2044439.9,398.0,520.0,310.0,2023-06-22T14:59:42.733698,393.0,97,388.75,4126.5
17,,2023-06-22,8055,BHL,Balephi Hydropower Limited,285.6,291.3,278.0,279.0,5612,1578120.5,280.0,397.0,201.2,2023-06-22T14:59:57.413712,279.0,104,281.2,5100.04
18,,2023-06-22,9135,BHPL,Barahi Hydropower Public Limited,510.0,510.0,480.0,494.7,4979,2447550.9,515.0,677.2,194.3,2023-06-22T14:59:59.825752,494.7,101,491.57,1236.75
19,,2023-06-22,8032,BNHC,Buddha Bhumi Nepal Hydropower Company Limited,365.0,377.9,350.0,365.0,7050,2529695.7,370.9,484.7,306.0,2023-06-22T14:59:31.880876,365.0,70,358.82,1460.0
20,,2023-06-22,213,BNT,Bottlers Nepal (Terai) Limited,13639.9,13693.0,13431.0,13431.0,315,4277626.0,13425.0,14880.0,11152.0,2023-06-22T14:50:15.526108,13431.0,11,13579.76,16251.51
21,,2023-06-22,4961,BOKD86,8.5% BOK Debenture 2086,810.0,810.0,810.0,810.0,30,24300.0,821.0,1000.0,738.5,2023-06-22T12:58:16.679591,810.0,1,810.0,1296.0
22,,2023-06-22,153,BPCL,Butwal Power Company Limited,338.6,338.6,327.0,327.0,15781,5213080.8,332.0,377.0,288.0,2023-06-22T14:59:53.247282,327.0,185,330.33,11147.64
23,,2023-06-22,9163,BPW,BPW Laghubitta Bittiya Sanstha Limited,813.9,877.8,813.9,877.8,70,59076.0,798.0,877.8,233.1,2023-06-22T14:26:36.483401,877.8,8,843.94,263.34
24,,2023-06-22,164,CBBL,Chhimek Laghubitta Bittiya Sanstha Limited,915.0,915.0,895.1,900.0,13203,11913032.7,901.0,1303.0,727.0,2023-06-22T14:59:21.722174,900.0,210,902.29,25518.62
25,,2023-06-22,245,CFCL,Central Finance Co. Ltd.,340.0,346.0,335.0,338.0,24368,8270837.8,336.0,408.0,237.0,2023-06-22T14:59:54.993739,338.0,160,339.41,3207.2
26,,2023-06-22,2917,CGH,Chandragiri Hills Limited,1223.1,1339.0,1223.0,1320.0,19284,25162822.8,1244.0,1487.0,900.2,2023-06-22T14:59:46.842182,1320.0,378,1304.85,20250.0
27,,2023-06-22,154,CHCL,Chilime Hydropower Company Limited,566.0,570.9,556.2,565.0,59663,33594936.0,567.5,594.0,347.9,2023-06-22T14:59:58.760399,565.0,328,563.07,41008.71
28,,2023-06-22,3946,CHDC,CEDB Hydropower Development Company Limited,865.0,873.0,851.0,864.7,15431,13293367.0,865.0,904.0,590.0,2023-06-22T14:59:47.781745,864.7,147,861.47,7258.38
29,,2023-06-22,2766,CHL,Chhyangdi Hydropower Ltd.,302.2,306.0,280.8,290.0,17887,5194012.3,297.0,370.0,193.1,2023-06-22T14:59:24.739033,290.0,99,290.37,1122.23
30,,2023-06-22,210,CIT,Citizen Investment Trust,2625.5,2668.0,2552.3,2565.0,48319,125461082.5,2574.1,3072.0,1780.0,2023-06-22T14:59:58.791558,2565.0,842,2596.51,109038.16
31,,2023-06-22,9173,CITY,City Hotel Limited,265.0,287.5,265.0,287.5,650,185994.8,261.4,287.5,111.1,2023-06-22T14:57:53.349077,287.5,67,286.14,4812.75
32,,2023-06-22,2780,CMF1,Citizens Mutual Fund -1,8.04,8.04,7.37,7.51,2200,16672.0,8.2,9.18,6.75,2023-06-22T14:33:03.871046,7.51,8,7.57,615.82
33,,2023-06-22,2862,CMF2,CITIZENS MUTUAL FUND 2,8.79,8.79,8.48,8.48,20100,173129.25,8.86,10.36,7.03,2023-06-22T14:27:34.736302,8.48,7,8.61,474.88
34,,2023-06-22,450,CORBL,Corporate Development Bank Limited,315.0,328.5,312.5,318.0,3734,1190163.0,309.8,367.2,211.3,2023-06-22T14:59:40.163534,318.0,43,318.73,1669.5
35,,2023-06-22,348,CZBIL,Citizens Bank International Limited,171.9,172.0,169.1,169.2,29113,4949076.0,171.9,224.0,167.3,2023-06-22T14:59:11.772078,169.2,170,169.99,24028.05
36,,2023-06-22,166,DDBL,Deprosc Laghubitta Bittiya Sanstha Limited,723.0,735.0,718.2,734.0,7012,5090096.4,727.0,1178.0,606.7,2023-06-22T14:59:17.177001,734.0,116,725.91,11202.66
37,,2023-06-22,2754,DHPL,Dibyashwori Hydropower Ltd.,192.0,195.9,188.6,193.0,13358,2554641.4,194.8,262.0,160.1,2023-06-22T14:59:58.961221,193.0,103,191.24,509.52
38,,2023-06-22,8123,DLBS,Dhaulagiri Laghubitta Bittiya Sanstha Limited,734.0,762.9,692.0,739.9,961,698955.0,720.0,1662.0,177.7,2023-06-22T14:59:07.017116,739.9,42,727.32,762.84
39,,2023-06-22,9170,DOLTI,Dolti Power Company Limited,273.5,276.0,266.0,270.0,10461,2824246.7,279.0,311.0,250.0,2023-06-22T14:59:57.854952,270.0,515,269.97,1448.51
40,,2023-06-22,8070,DORDI,Dordi Khola Jal Bidyut Company Limited,264.0,271.0,257.0,259.0,12393,3250300.6,267.0,408.0,217.0,2023-06-22T14:59:34.258026,259.0,161,262.26,2730.53
41,,2023-06-22,137,EBL,Everest Bank Limited,544.9,545.0,539.0,542.0,40453,21894598.0,544.9,561.0,411.0,2023-06-22T14:59:47.342023,542.0,193,541.23,57983.67
42,,2023-06-22,274,EDBL,Excel Development Bank Ltd.,311.7,324.0,311.7,317.0,16254,5123145.8,318.0,442.8,266.4,2023-06-22T14:59:41.798311,317.0,61,315.19,3961.53
43,,2023-06-22,8131,EHPL,Eastern Hydropower Limited,369.2,370.0,329.6,351.9,4377,1535112.5,362.0,508.0,216.0,2023-06-22T14:59:53.300628,351.9,75,350.72,2181.78
44,,2023-06-22,8034,ENL,Emerging Nepal Limited,659.8,675.0,650.7,660.5,1412,949310.0,673.2,869.0,535.0,2023-06-22T14:59:58.80248,660.5,24,672.31,3669.74
45,,2023-06-22,490,FMDBL,First Micro Finance Laghubitta Bittiya Sanstha Limited,617.0,640.0,613.0,621.0,23040,14389112.4,619.0,780.0,497.2,2023-06-22T14:59:49.234948,621.0,190,624.52,7127.5
46,,2023-06-22,2758,FOWAD,Forward Microfinance Laghubitta Bittiya Sanstha Limited,1250.0,1256.7,1215.5,1230.0,2975,3661367.2,1234.8,2950.0,1071.2,2023-06-22T14:59:34.173498,1230.0,89,1230.71,12983.44
47,,2023-06-22,8033,GBBD85,"Garima Debenture, 2085",822.0,822.0,822.0,822.0,75,61650.0,822.0,1000.0,722.5,2023-06-22T14:39:34.487299,822.0,3,822.0,
48,,2023-06-22,417,GBBL,Garima Bikas Bank Limited,384.4,384.4,370.0,371.2,32856,12303056.9,377.0,435.4,318.0,2023-06-22T14:59:53.9583,371.2,243,374.45,19256.69
49,,2023-06-22,8004,GBILD86/87,Global IME Bank Limited Debenture 2086/87,780.0,780.0,780.0,780.0,10,7800.0,780.0,960.4,730.0,2023-06-22T14:59:39.69256,780.0,1,780.0,
50,,2023-06-22,341,GBIME,Global IME Bank Limited,181.6,183.0,180.4,181.4,77006,13969519.6,181.7,251.4,177.9,2023-06-22T14:59:21.361172,181.4,515,181.4,64888.7
51,,2023-06-22,583,GBLBS,Grameen Bikas Laghubitta Bittiya Sanstha Ltd.,524.0,534.3,516.0,525.0,5930,3106767.4,523.9,900.0,427.0,2023-06-22T14:58:01.813212,525.0,67,523.9,5158.13
52,,2023-06-22,232,GFCL,Goodwill Finance Limited,459.0,461.0,444.0,444.0,11508,5174877.9,452.0,634.0,358.0,2023-06-22T14:59:08.484371,444.0,77,449.67,4200.75
53,,2023-06-22,2806,GHL,Ghalemdi Hydro Limited,225.0,229.5,220.0,229.0,23026,5158854.0,225.8,309.0,164.2,2023-06-22T14:58:11.72443,229.0,158,224.04,1259.5
54,,2023-06-22,8106,GIBF1,Global IME Balanced Fund-1,8.16,8.67,8.16,8.67,8100,69759.0,8.16,10.0,7.5,2023-06-22T14:09:44.511317,8.67,10,8.61,889.34
55,,2023-06-22,705,GILB,Global IME Laghubitta Bittiya Sanstha Ltd.,875.0,906.0,875.0,906.0,5106,4552990.3,884.9,1475.0,665.1,2023-06-22T14:59:58.797507,906.0,86,891.69,5607.24
56,,2023-06-22,2826,GLBSL,Gurans Laghubitta Bittiya Sanstha Limited,690.0,718.0,687.1,718.0,848,594153.7,700.0,1191.0,661.5,2023-06-22T14:59:21.325902,718.0,24,700.65,728.05
57,,2023-06-22,2924,GLH,GreenLife Hydropower Limited,274.5,274.5,261.7,264.0,9831,2617906.7,270.9,377.0,219.0,2023-06-22T14:59:49.380332,264.0,151,266.29,4752.0
58,,2023-06-22,2815,GMFBS,Ganapati Laghubitta Bittiya Sanstha Limited,754.8,754.8,726.0,726.4,52,38298.8,740.0,1165.0,650.0,2023-06-22T14:46:02.646134,726.4,4,736.51,1100.89
59,,2023-06-22,263,GMFIL,Guheshowori Merchant Bank & Finance Co. Ltd.,336.1,348.7,328.0,339.9,9111,3036904.4,336.0,423.0,223.9,2023-06-22T14:58:02.732645,339.9,93,333.32,3440.39
60,,2023-06-22,2744,GRDBL,Green Development Bank Ltd.,285.4,291.1,267.2,272.5,4152,1145460.7,279.9,311.0,182.0,2023-06-22T14:59:49.562966,272.5,54,275.88,1414.28
61,,2023-06-22,204,GUFL,Gurkhas Finance Ltd.,544.0,547.0,532.0,535.0,19787,10698381.5,542.0,715.0,361.7,2023-06-22T14:59:56.16202,535.0,168,540.67,4643.77
62,,2023-06-22,8045,GVL,Green Ventures Limited,445.0,461.0,431.1,438.0,23136,10190225.4,453.0,511.0,255.1,2023-06-22T14:59:54.713471,438.0,261,440.44,13687.5
63,,2023-06-22,2883,GWFD83,12 % Goodwill Finance Limited Debenture 2083,1060.2,1060.2,1060.2,1060.2,23,24384.6,1076.0,1171.0,989.8,2023-06-22T14:48:50.201697,1060.2,1,1060.2,
64,,2023-06-22,134,HBL,Himalayan Bank Limited,217.0,217.0,211.0,212.0,37402,7965487.9,214.0,369.3,210.8,2023-06-22T14:59:59.164917,212.0,228,212.96,45912.03
65,,2023-06-22,2880,HDHPC,Himal Dolakha Hydropower Company Limited,164.0,165.2,160.0,160.1,78946,12771364.6,162.0,280.3,154.1,2023-06-22T14:59:59.029982,160.1,276,161.77,4482.8
66,,2023-06-22,235,HDL,Himalayan Distillery Limited,2390.0,2392.0,2345.0,2355.0,63352,150276187.5,2345.0,4323.0,1806.6,2023-06-22T14:59:58.434199,2355.0,1022,2372.08,57216.29
67,,2023-06-22,179,HEI,Himalayan Everest Insurance Limited,564.0,571.0,550.0,569.0,54982,30911186.7,553.0,590.0,345.0,2023-06-22T14:59:56.454348,569.0,289,562.2,13095.73
68,,2023-06-22,700,HEIP,Himalayan Everest Insurance Limited Promoter,401.5,401.5,368.7,368.7,1585,586004.5,409.6,409.6,214.2,2023-06-22T14:50:02.838037,368.7,10,369.71,986.29
69,,2023-06-22,8076,HHL,Himalayan Hydropower Limited,262.3,270.0,252.5,261.0,10076,2623116.0,267.0,362.1,202.0,2023-06-22T14:59:34.269858,261.0,177,260.33,2857.95
70,,2023-06-22,2742,HIDCL,Hydorelectricity Investment and Development Company Ltd,202.9,202.9,194.3,198.5,134627,26498549.1,199.0,245.0,159.8,2023-06-22T14:59:58.795426,198.5,538,196.82,45209.96
71,,2023-06-22,8111,HIDCLP,Hydorelectricity Investment and Development Company Limited Promoter,110.6,111.1,106.2,108.5,155587,16809633.3,109.0,126.4,95.0,2023-06-22T14:59:53.265078,108.5,216,108.04,10.85
72,,2023-06-22,693,HLBSL,Himalayan Laghubitta Bittiya Sanstha Limited,650.0,669.1,640.0,669.1,1571,1028805.5,652.1,1018.0,524.9,2023-06-22T14:58:42.807042,669.1,30,654.87,2139.9
73,,2023-06-22,393,HLI,Himalayan Life Insurance Limited,350.0,381.1,350.0,381.1,1694,643813.7,346.52,569.0,340.0,2023-06-22T14:58:10.001137,381.1,110,380.05,30565.68
74,,2023-06-22,2767,HPPL,Himalayan Power Partner Ltd.,279.2,283.0,271.6,272.0,27799,7660779.2,281.0,418.0,217.6,2023-06-22T14:59:53.402938,272.0,115,275.57,2897.93
75,,2023-06-22,2824,HURJA,Himalaya Urja Bikas Company Limited,264.1,272.0,260.0,265.0,22434,5945160.7,269.2,443.4,190.5,2023-06-22T14:59:59.565323,265.0,112,265.0,2623.5
76,,2023-06-22,273,ICFC,ICFC Finance Limited,460.0,475.0,458.0,461.1,36688,17080890.5,462.0,585.0,363.0,2023-06-22T14:59:58.476804,461.1,257,465.57,5456.98
77,,2023-06-22,186,IGI,IGI Prudential insurance Limited,557.9,564.8,544.6,561.0,237721,132354787.0,547.0,580.2,333.2,2023-06-22T14:59:56.834054,561.0,1028,556.76,16994.57
78,,2023-06-22,9176,IHL,Ingwa Hydropower Limited,346.8,346.8,314.0,316.0,34344,11128906.4,340.1,352.9,291.0,2023-06-22T14:59:58.483419,314.5,2938,324.04,1896.0
79,,2023-06-22,2832,ILBS,Infinity Laghubitta Bittiya Sanstha Limited,670.0,681.8,650.0,655.0,1932,1282479.9,668.8,1113.8,545.1,2023-06-22T14:59:37.929949,655.0,47,663.8,3258.07
80,,2023-06-22,8038,JALPA,Jalpa Samudayik Laghubitta Bittiya Sanstha Limited,1520.0,1520.0,1496.0,1505.0,772,1160946.0,1540.0,3770.0,1425.0,2023-06-22T14:59:53.400488,1505.0,33,1503.81,2751.14
81,,2023-06-22,418,JBBL,Jyoti Bikas Bank Limited,292.0,295.0,287.0,290.0,39044,11326303.2,292.0,359.0,248.0,2023-06-22T14:59:58.044926,290.0,237,290.09,12747.78
82,,2023-06-22,4951,JBLB,Jeevan Bikas Laghubitta  Bittya Sanstha Ltd,1555.2,1579.8,1530.1,1530.1,3656,5642162.9,1555.2,3000.0,1353.0,2023-06-22T14:59:31.750585,1530.1,131,1543.26,18086.19
83,,2023-06-22,250,JFL,Janaki Finance Company Limited,390.0,400.0,385.0,385.1,13976,5473546.5,390.0,527.0,305.0,2023-06-22T14:59:27.180344,385.1,102,391.63,2659.01
84,,2023-06-22,2789,JOSHI,Joshi Hydropower Development Company Ltd,271.0,275.4,264.9,265.5,42583,11434220.5,273.9,318.0,164.8,2023-06-22T14:59:55.267407,265.5,249,268.51,986.07
85,,2023-06-22,695,JSLBB,Janautthan Samudayic Laghubitta Bittya Sanstha Limited,973.2,1030.0,960.0,960.0,711,697042.2,993.0,2135.0,833.1,2023-06-22T14:59:45.343741,960.0,29,980.36,1632.88
86,,2023-06-22,142,KBL,Kumari Bank Limited,163.0,163.0,160.0,161.0,95852,15450423.3,162.4,219.8,159.2,2023-06-22T14:59:58.449865,161.0,406,161.19,42223.64
87,,2023-06-22,8074,KDBY,Kumari Dhanabriddhi Yojana,8.4,8.55,8.4,8.49,2200,18611.0,8.56,10.43,7.46,2023-06-22T14:39:09.261546,8.49,18,8.45,33.96
88,,2023-06-22,9151,KDL,Kalinchowk Darshan Limited,930.0,1023.0,921.0,1023.0,57497,56505804.5,930.0,1023.0,134.4,2023-06-22T14:59:46.530392,1023.0,1150,982.76,6138.0
89,,2023-06-22,2933,KEF,Kumari Equity Fund,8.33,8.5,8.33,8.5,7400,62573.0,8.5,10.07,7.62,2023-06-22T14:56:59.995727,8.5,20,8.45,850.0
90,,2023-06-22,2751,KKHC,Khanikhola Hydropower Co. Ltd.,215.0,218.0,211.7,212.9,9598,2051110.3,217.5,288.0,163.8,2023-06-22T14:59:56.714852,212.9,89,213.7,991.51
91,,2023-06-22,8128,KLBS,Khaptad Laghubitta Bittiya Sanstha Limited,853.9,888.0,853.9,875.0,190,165124.0,871.3,1870.0,303.2,2023-06-22T14:59:44.045528,875.0,11,869.07,350.0
92,,2023-06-22,694,KLBSL,Kisan Lagubitta Bittiya Sanstha Limited,710.0,710.0,695.8,695.8,259,181050.0,724.0,1045.7,539.0,2023-06-22T14:51:39.291646,695.8,4,699.03,3509.38
93,,2023-06-22,593,KMCDB,Kalika Laghubitta Bittiya Sanstha Ltd,700.0,708.0,694.0,705.0,959,668563.7,709.0,1210.0,551.0,2023-06-22T14:55:17.047822,705.0,36,697.14,2624.87
94,,2023-06-22,2787,KPCL,Kalika power Company Ltd,397.0,397.0,377.0,377.0,7788,2973620.9,405.0,439.3,289.0,2023-06-22T14:59:53.668965,377.0,75,381.82,2991.49
95,,2023-06-22,428,KRBL,Karnali Development Bank Limited,276.5,287.0,273.0,279.0,12879,3596018.0,282.0,339.0,198.9,2023-06-22T14:59:55.628727,279.0,87,279.21,1478.73
96,,2023-06-22,459,KSBBL,Kamana Sewa Bikas Bank Limited,321.1,328.0,318.0,322.0,33360,10752159.8,322.6,424.0,275.0,2023-06-22T14:59:55.117728,322.0,151,322.3,10565.35
97,,2023-06-22,358,LBBL,Lumbini Bikas Bank Ltd.,385.0,392.5,377.5,380.0,54374,20807596.2,384.9,450.0,290.1,2023-06-22T14:59:59.892941,380.0,239,382.67,12854.72
98,,2023-06-22,141,LBL,Laxmi Bank Limited,173.0,175.0,170.7,172.8,33104,5703159.1,173.6,220.0,170.7,2023-06-22T14:58:56.495906,172.8,133,172.28,19960.72
99,,2023-06-22,2903,LEC,Liberty Energy Company Limited,243.0,255.0,243.0,243.0,15209,3723357.0,247.6,318.0,203.0,2023-06-22T14:59:56.036122,243.0,109,244.81,3645.0
100,,2023-06-22,2765,LEMF,Laxmi Equity Fund,8.85,8.85,8.85,8.85,100,885.0,8.94,10.3,7.24,2023-06-22T14:01:53.519945,8.85,1,8.85,1106.25
101,,2023-06-22,188,LICN,Life Insurance Corporation (Nepal) Limited,1547.0,1602.0,1547.0,1584.0,20614,32693738.0,1560.0,1733.0,1086.0,2023-06-22T14:59:18.095313,1584.0,160,1585.99,42026.69
102,,2023-06-22,618,LLBS,Laxmi Laghubitta Bittiya Sanstha Ltd.,799.0,810.0,784.0,799.0,255,201790.0,797.9,1506.0,624.0,2023-06-22T14:55:06.966528,799.0,13,791.33,3528.88
103,,2023-06-22,2902,LUK,Laxmi Unnati Kosh,8.78,8.99,8.78,8.82,45865,404662.15,8.82,10.25,7.52,2023-06-22T14:59:22.925465,8.82,13,8.82,575.61
104,,2023-06-22,9166,MAKAR,Makar Jitumaya Suri Hydropower Limited,320.0,326.4,303.0,317.0,15147,4806997.7,320.0,351.0,230.0,2023-06-22T14:59:48.546897,317.0,445,317.35,2409.2
105,,2023-06-22,8031,MBJC,Madhya Bhotekoshi Jalavidyut Company Limited,340.0,341.7,325.0,330.0,41341,13659129.1,338.0,363.0,193.3,2023-06-22T14:59:58.433905,330.0,483,330.4,19800.0
106,,2023-06-22,140,MBL,Machhapuchhre Bank Limited,230.1,232.0,226.3,230.0,33910,7745819.2,230.1,268.0,199.0,2023-06-22T14:57:08.615782,230.0,135,228.42,23591.46
107,,2023-06-22,9175,MCHL,Menchhiyam Hydropower Limited,253.0,260.0,246.2,247.2,13557,3404395.2,255.4,297.8,232.0,2023-06-22T14:59:56.644924,247.2,978,251.11,1341.27
108,,2023-06-22,371,MDB,Miteri Development Bank Limited,391.7,395.0,383.0,389.8,6208,2413004.8,391.0,447.0,308.0,2023-06-22T14:59:36.154747,389.8,54,388.69,3956.48
109,,2023-06-22,2913,MEN,Mountain Energy Nepal Limited,858.6,880.0,817.4,833.0,3310,2762243.8,876.1,920.0,692.0,2023-06-22T14:59:40.308839,833.0,83,834.51,16393.66
110,,2023-06-22,1741,MERO,Mero Microfinance Bittiya Sanstha Ltd.,572.0,591.0,572.0,580.0,3194,1868251.9,572.0,990.0,493.0,2023-06-22T14:59:39.974398,580.0,53,584.92,7656.0
111,,2023-06-22,516,MFIL,Manjushree Finance Ltd.,467.4,480.0,458.0,465.0,23237,10857122.5,462.0,528.0,362.0,2023-06-22T14:59:58.314209,465.0,190,467.23,6284.72
112,,2023-06-22,9158,MHCL,Molung Hydropower Company Limited,225.0,230.4,221.9,226.0,12510,2822655.0,228.1,274.4,141.0,2023-06-22T14:59:50.0915,226.0,467,225.63,1813.65
113,,2023-06-22,8102,MHL,Mandakini Hydropower Limited,347.8,347.8,328.0,328.0,6041,2014093.0,341.0,436.0,237.3,2023-06-22T14:59:56.686419,328.0,97,333.4,1928.76
114,,2023-06-22,2811,MHNL,Mountain Hydro Nepal Limited,268.0,269.0,254.8,260.0,65394,16959966.5,267.9,356.9,212.0,2023-06-22T14:59:50.961031,260.0,156,259.35,3250.0
115,,2023-06-22,9149,MKHC,Maya Khola Hydropower Company Limited,259.0,259.0,241.0,245.0,19022,4709203.7,255.0,367.5,220.1,2023-06-22T14:59:56.406452,245.0,312,247.56,2450.0
116,,2023-06-22,9167,MKHL,Mai Khola Hydropower Limited,282.3,293.6,282.3,289.8,13803,3947873.9,288.0,335.0,271.4,2023-06-22T14:59:58.544796,289.8,372,286.01,1136.47
117,,2023-06-22,8005,MKJC,Mailung Khola Jal Vidhyut Company Limited,396.0,396.0,385.0,396.0,780,304264.0,396.0,582.4,372.6,2023-06-22T14:59:57.247814,396.0,32,390.08,1457.85
118,,2023-06-22,4955,MKLB,Manakamana Smart Laghubitta Bittiya Sanstha Limited,714.0,742.0,676.4,742.0,1400,971449.3,700.0,1199.0,598.1,2023-06-22T14:59:58.448906,742.0,32,693.89,1101.71
119,,2023-06-22,601,MLBBL,Mithila LaghuBitta Bittiya Sanstha Limited,873.0,878.0,857.0,874.0,807,699939.8,873.0,1415.0,675.1,2023-06-22T14:58:25.84016,874.0,13,867.33,1713.06
120,,2023-06-22,401,MLBL,Mahalaxmi Bikas Bank Ltd.,322.0,334.9,321.5,325.0,34117,11143166.9,327.0,446.0,281.0,2023-06-22T14:59:35.185209,325.0,202,326.61,13556.79
121,,2023-06-22,8018,MLBS,Manushi Laghubitta Bittiya Sanstha Limited,760.0,766.1,751.1,760.0,405,306765.0,770.0,1350.3,630.0,2023-06-22T14:59:52.96894,760.0,20,757.44,831.25
122,,2023-06-22,2925,MLBSL,Mahila Lagubitta Bittiya Sanstha Limited ,1975.0,1998.9,1955.0,1970.0,978,1917806.5,1975.0,4329.6,1700.0,2023-06-22T14:59:50.157894,1970.0,26,1960.94,4285.98
123,,2023-06-22,8023,MMF1,Mega Mutual Fund -1,7.2,7.37,7.2,7.23,15334,110836.8,7.34,8.65,6.65,2023-06-22T14:55:36.123377,7.23,35,7.22,903.75
124,,2023-06-22,682,MMFDB,Mirmire Laghubitta Bittya Sanstha Limited,640.0,656.0,638.0,646.0,2824,1836966.6,638.1,1240.0,550.0,2023-06-22T14:59:55.251205,646.0,49,650.48,4220.85
125,,2023-06-22,474,MNBBL,Muktinath Bikas Bank Ltd.,404.0,410.0,401.0,405.0,26876,10875381.8,404.0,505.1,368.0,2023-06-22T14:59:56.82822,405.0,209,404.65,26004.65
126,,2023-06-22,471,MPFL,Multipurpose Finance Company  Limited,340.0,342.0,331.0,334.0,8855,2965444.0,337.0,386.9,206.1,2023-06-22T14:59:09.618697,334.0,59,334.88,1509.68
127,,2023-06-22,2768,MSLB,Mahuli Laghubitta Bittiya Sanstha Limited,805.0,821.0,805.0,821.0,164,132473.0,820.0,1319.0,658.6,2023-06-22T14:59:36.3078,821.0,7,807.76,2646.73
128,,2023-06-22,172,NABBC,Narayani Development Bank Limited,400.0,411.9,400.0,402.0,1657,667751.0,405.0,513.7,317.7,2023-06-22T14:59:44.490369,402.0,20,402.98,1055.12
129,,2023-06-22,131,NABIL,Nabil Bank Limited,595.0,597.0,585.4,588.5,57079,33592097.2,590.1,930.0,575.6,2023-06-22T14:59:57.014654,588.5,796,588.51,159230.44
130,,2023-06-22,2784,NADEP,Nadep Laghubittiya bittya Sanstha Ltd.,610.8,610.8,587.0,587.0,5756,3404048.6,598.9,883.1,481.1,2023-06-22T14:59:50.60547,587.0,67,591.39,2851.41
131,,2023-06-22,2835,NBF2,NABIL BALANCED FUND-2,8.14,8.19,7.98,8.15,5195,41915.25,8.3,11.11,7.45,2023-06-22T13:31:59.509987,8.15,9,8.06,912.8
132,,2023-06-22,8024,NBF3,Nabil Balanced Fund-3,7.22,7.25,7.18,7.24,6580,47509.7,7.35,9.48,7.0,2023-06-22T14:59:19.73431,7.24,23,7.22,905.0
133,,2023-06-22,517,NBL,Nepal Bank Limited,250.0,252.0,247.3,248.0,38289,9534147.2,249.0,317.5,245.0,2023-06-22T14:59:13.804092,248.0,296,249.0,36441.18
134,,2023-06-22,8027,NBLD85,Nabil Debenture 2085,820.0,826.2,820.0,820.0,250,205620.0,810.0,852.7,730.0,2023-06-22T14:05:12.178826,820.0,3,822.48,
135,,2023-06-22,2753,NEF,Nabil Equity Fund,9.3,9.48,9.3,9.35,11883,111664.9,9.45,10.38,7.75,2023-06-22T14:13:04.944323,9.35,9,9.39,1168.75
136,,2023-06-22,8041,NESDO,NESDO Sambridha Laghubitta Bittiya Sanstha Limited,2060.0,2060.0,1900.0,1900.0,13563,26728229.5,2047.0,3759.0,1855.2,2023-06-22T14:59:59.676964,1900.0,332,1970.67,4845.0
137,,2023-06-22,194,NFS,Nepal Finance Ltd.,313.9,317.0,306.0,308.1,33687,10476083.0,308.9,362.0,213.3,2023-06-22T14:59:53.602107,308.1,232,310.98,2584.79
138,,2023-06-22,2743,NGPL,Ngadi Group Power Ltd.,252.0,259.0,248.1,251.8,87004,22024541.0,254.9,601.2,185.2,2023-06-22T14:59:40.706871,251.8,353,253.14,4661.52
139,,2023-06-22,2769,NHDL,Nepal Hydro Developers Ltd.,405.0,413.1,395.1,403.0,5856,2344031.6,404.9,432.0,294.0,2023-06-22T14:59:42.151738,403.0,70,400.27,1353.78
140,,2023-06-22,152,NHPC,National Hydro Power Company Limited,190.1,193.0,185.3,186.4,93550,17616238.1,190.9,297.8,176.4,2023-06-22T14:59:53.126913,186.4,445,188.3,4473.6
141,,2023-06-22,9138,NIBLGF,NIBL Growth Fund,8.62,8.62,8.3,8.31,6625,55785.75,8.79,10.0,7.19,2023-06-22T14:53:12.232977,8.31,10,8.42,1096.92
142,,2023-06-22,2755,NIBLPF,NIBL Pragati Fund,8.9,8.9,8.9,8.9,253,2251.7,9.08,10.5,7.78,2023-06-22T11:55:06.712832,8.9,1,8.9,667.5
143,,2023-06-22,4949,NIBSF2,NIBL Samriddhi Fund -2,7.31,7.45,7.31,7.45,17450,129761.5,7.45,8.7,6.74,2023-06-22T14:59:33.465565,7.45,12,7.43,1117.5
144,,2023-06-22,139,NICA,NIC Asia Bank Ltd.,755.0,760.0,743.0,750.0,63239,47486343.6,750.0,861.9,600.3,2023-06-22T14:59:58.494413,750.0,375,750.9,86730.04
145,,2023-06-22,2869,NICAD8283,11% NIC Asia Debenture 082/83,1030.0,1030.0,1030.0,1030.0,100,103000.0,1036.0,1087.7,927.5,2023-06-22T12:45:46.383892,1030.0,2,1030.0,
146,,2023-06-22,309,NICAP,NIC Asia Bank Limted Promoter Share,331.3,331.3,331.3,331.3,1000,396000.0,331.3,438.0,331.3,2023-06-22T12:51:25.234042,331.3,1,396.0,1705.53
147,,2023-06-22,2863,NICBF,NIC Asia Balanced Fund,9.1,9.13,9.0,9.0,110600,995513.0,9.0,11.05,8.0,2023-06-22T14:42:18.323728,9.0,9,9.0,679.5
148,,2023-06-22,8073,NICFC,NIC Asia Flexi CAP Fund,7.94,8.02,7.94,8.02,730,5832.6,8.09,10.0,7.3,2023-06-22T13:59:54.219728,8.02,7,7.98,81.8
149,,2023-06-22,176,NICL,Nepal Insurance Co. Ltd.,770.0,810.0,770.0,804.0,73341,58366491.4,768.9,813.0,385.1,2023-06-22T14:59:58.794106,804.0,517,795.82,12017.91
150,,2023-06-22,2887,NICLBSL,NIC ASIA Laghubitta Bittiya Sanstha Limited,650.1,663.0,638.1,650.0,8740,5675302.1,662.9,975.0,516.0,2023-06-22T14:57:16.084225,650.0,126,649.34,11306.36
151,,2023-06-22,4967,NICSF,NIC Asia Select Fund 30,8.3,8.36,8.2,8.22,3800,31608.0,8.37,9.42,7.4,2023-06-22T14:41:17.195496,8.22,9,8.31,1027.5
152,,2023-06-22,2919,NIFRA,Nepal Infrastructure Bank Limited,239.0,240.0,232.6,233.7,203672,48046109.2,234.5,274.0,176.9,2023-06-22T14:59:59.829366,233.7,1039,235.89,50479.2
153,,2023-06-22,183,NIL,Neco Insurance Limited,875.0,880.2,861.0,877.7,20216,17662406.5,860.0,945.0,601.0,2023-06-22T14:58:56.574463,877.7,235,873.68,17662.49
154,,2023-06-22,132,NIMB,Nepal Investment Mega Bank Limited,182.0,182.0,176.9,176.9,135570,24122336.9,178.6,278.4,175.5,2023-06-22T14:59:40.478218,176.9,446,177.93,60373.48
155,,2023-06-22,469,NIMBPO,Nepal Investment Mega Bank Ltd. Promoter Share,157.0,157.0,155.1,155.1,23723,3688922.9,155.1,242.5,105.0,2023-06-22T14:59:58.18804,155.1,11,155.49,28395.0
156,,2023-06-22,396,NLBBL,Nerude Laghubitta Bittiya Sanstha Limited,639.0,679.0,630.0,635.0,4719,3023516.5,642.0,1100.0,534.0,2023-06-22T14:58:47.646376,635.0,63,640.71,4648.2
157,,2023-06-22,559,NLG,NLG Insurance Company Ltd.,774.0,842.0,774.0,836.0,74223,60825691.6,786.0,849.0,423.0,2023-06-22T14:59:48.696676,836.0,411,819.49,12199.55
158,,2023-06-22,187,NLIC,Nepal Life Insurance Co. Ltd.,760.0,769.8,747.0,763.0,100868,76635686.1,746.0,858.0,570.0,2023-06-22T14:59:50.312168,763.0,817,759.76,62626.79
159,,2023-06-22,178,NLICL,National Life Insurance Co. Ltd.,629.4,644.0,623.0,634.0,49855,31640986.8,617.1,705.0,492.0,2023-06-22T14:59:49.932085,634.0,335,634.66,31773.97
160,,2023-06-22,238,NMB,NMB Bank Limited,226.5,228.0,222.2,222.3,43989,9841254.0,226.5,277.0,215.0,2023-06-22T14:59:23.780298,222.3,231,223.72,40829.19
161,,2023-06-22,2867,NMB50,NMB 50,10.2,10.3,9.9,9.9,72593,734664.39,10.1,13.53,8.28,2023-06-22T14:58:38.743565,9.9,9,10.12,1237.5
162,,2023-06-22,2752,NMBHF1,NMB Hybrid Fund L-1,10.14,10.25,10.14,10.2,5334,54489.01,10.3,12.25,8.79,2023-06-22T14:12:09.653328,10.2,6,10.21,10200.0
163,,2023-06-22,704,NMBMF,NMB  Microfinance Bittiya Sanstha Ltd.,616.0,616.0,579.0,590.0,3575,2146732.0,616.0,910.0,472.1,2023-06-22T14:58:41.837904,590.0,41,600.48,4256.55
164,,2023-06-22,2746,NMFBS,National Microfinance Laghubitta Bittiya Sanstha Limited,1365.0,1365.0,1335.0,1344.0,2111,2829094.0,1339.0,2580.0,1101.0,2023-06-22T14:59:47.549757,1344.0,51,1340.16,9067.65
165,,2023-06-22,2881,NRIC,Nepal Reinsurance Company Limited,756.0,763.0,743.0,748.0,40535,30433805.8,744.63,927.0,565.0,2023-06-22T14:59:55.733396,748.0,414,750.8,95845.31
166,,2023-06-22,2898,NRN,NRN Infrastructure and Development Limited,480.2,506.0,480.0,484.0,14783,7195261.8,490.0,580.0,385.0,2023-06-22T14:59:56.842442,484.0,126,486.72,5920.34
167,,2023-06-22,8125,NSIF2,NMB Sulav Investment Fund - 2,8.89,9.1,8.88,9.0,1400,12634.0,8.8,10.0,7.31,2023-06-22T14:30:34.287287,9.0,9,9.02,1098.9
168,,2023-06-22,592,NSLB,Naya Sarathi Laghubitta Bittiya Sanstha Limited,680.3,680.3,666.7,672.9,248,167690.1,680.3,1030.0,526.4,2023-06-22T14:58:23.263282,672.9,11,676.16,2429.44
169,,2023-06-22,307,NTC,Nepal Doorsanchar Company Limited,870.0,892.0,870.0,878.0,64507,56778006.6,870.0,1007.7,758.0,2023-06-22T14:59:59.207825,878.0,875,880.18,158040.0
170,,2023-06-22,163,NUBL,Nirdhan Utthan Laghubitta Bittiya Sanstha Limited,670.0,699.7,670.0,672.4,12739,8692463.8,666.5,1154.0,512.1,2023-06-22T14:59:58.555684,672.4,116,682.35,17563.62
171,,2023-06-22,8026,NYADI,Nyadi Hydropower Limited,280.0,290.0,275.0,275.0,6984,1953628.2,285.0,400.0,241.0,2023-06-22T14:59:49.192402,275.0,104,279.72,4125.0
172,,2023-06-22,149,OHL,Oriental Hotels Limited,720.0,797.5,720.0,797.5,93921,72736756.3,725.0,797.5,413.8,2023-06-22T14:59:48.798876,797.5,734,774.44,8996.52
173,,2023-06-22,8097,PBD88,10% Prime Debenture 2088,905.0,911.0,898.0,898.0,235,212750.0,901.0,1000.0,790.1,2023-06-22T14:57:14.178431,898.0,6,905.31,
174,,2023-06-22,2904,PBLD84,10% Prabhu Bank Debenture 2084 ,925.0,925.0,925.0,925.0,25,23125.0,940.0,1049.6,851.0,2023-06-22T13:05:49.585243,925.0,1,925.0,
175,,2023-06-22,4962,PBLD87,8.5% Prabhu Bank Debenture 2087,785.0,785.0,785.0,785.0,25,19625.0,786.5,1000.0,730.0,2023-06-22T11:35:46.59402,785.0,1,785.0,
176,,2023-06-22,357,PCBL,Prime Commercial Bank Ltd.,196.2,196.2,190.7,192.9,43231,8284212.2,192.4,271.9,189.0,2023-06-22T14:59:58.691503,192.9,229,191.62,37427.57
177,,2023-06-22,236,PFL,Pokhara Finance Ltd.,380.0,394.7,376.2,378.0,17553,6722253.3,380.0,470.0,290.0,2023-06-22T14:59:38.138737,378.0,135,382.96,4092.06
178,,2023-06-22,8133,PHCL,Peoples Hydropower Company Limited,354.0,361.0,343.0,345.0,61789,21432771.4,356.0,416.1,196.9,2023-06-22T14:59:52.66003,345.0,558,346.87,11040.0
179,,2023-06-22,2915,PLI,Prabhu Life Insurance Limited,556.1,580.0,556.1,580.0,47978,27525337.6,560.0,596.0,321.8,2023-06-22T14:59:57.144886,580.0,453,573.7,12736.8
180,,2023-06-22,2786,PMHPL,Panchakanya Mai Hydropower Ltd,228.4,230.0,219.6,222.1,16405,3667631.6,233.0,288.2,168.0,2023-06-22T14:59:46.355451,222.1,63,223.56,2443.1
181,,2023-06-22,2813,PPCL,Panchthar Power Compant Limited,315.0,317.0,294.0,301.9,66020,20137771.5,315.9,389.3,230.0,2023-06-22T14:59:56.966789,301.9,295,305.02,2905.79
182,,2023-06-22,8122,PPL,People's Power Limited,262.1,275.0,253.9,275.0,16704,4383899.7,266.0,336.0,190.0,2023-06-22T14:59:42.846513,275.0,254,262.44,1739.65
183,,2023-06-22,184,PRIN,Prabhu Insurance Ltd.,625.1,654.0,625.0,654.0,62110,39887946.0,625.5,666.6,378.0,2023-06-22T14:59:58.040002,654.0,311,642.21,8999.84
184,,2023-06-22,338,PROFL,Progressive Finance Limited,334.9,346.5,328.6,343.7,37688,12804872.7,332.1,389.9,192.0,2023-06-22T14:59:59.876249,343.7,196,339.75,2942.44
185,,2023-06-22,9174,PRSF,Prabhu Smart Fund,8.2,8.2,8.06,8.19,900,7312.0,8.2,10.0,7.78,2023-06-22T14:59:28.731452,8.19,8,8.12,819.0
186,,2023-06-22,255,PRVU,Prabhu  Bank Limited,163.0,163.0,160.0,161.0,160937,25846861.8,162.4,234.9,158.7,2023-06-22T14:59:56.871728,161.0,678,160.6,37903.41
187,,2023-06-22,632,PRVUPO,Prabhu  Bank Limited Promoter Share,100.0,100.0,100.0,100.0,29000,2900000.0,100.0,147.0,100.0,2023-06-22T11:32:34.669865,100.0,1,100.0,100.0
188,,2023-06-22,4947,PSF,Prabhu Select Fund,8.43,8.52,8.43,8.52,8590,72933.8,8.58,9.83,7.31,2023-06-22T14:59:50.309082,8.52,16,8.49,1065.0
189,,2023-06-22,2776,RADHI,Radhi Bidyut Company Ltd,255.5,256.0,248.0,248.1,58140,14668450.5,255.7,680.3,195.3,2023-06-22T14:59:59.773292,248.1,259,252.29,4158.11
190,,2023-06-22,177,RBCL,Rastriya Beema Company Limited,15485.1,15500.0,15200.0,15476.0,654,10044715.0,15200.0,17140.0,12200.0,2023-06-22T14:58:40.890481,15476.0,55,15358.89,41264.66
191,,2023-06-22,634,RBCLPO,Rastriya Beema Company Limited Promoter Share,13994.4,13994.4,12908.2,12965.0,190,2495243.0,14280.0,14668.0,9663.0,2023-06-22T14:58:53.521338,12965.0,14,13132.85,23029.68
192,,2023-06-22,8066,RFPL,River Falls Power Limited,270.5,278.0,266.3,272.0,10825,2948410.9,271.4,325.0,200.0,2023-06-22T14:59:58.831089,272.0,200,272.37,1904.0
193,,2023-06-22,8108,RHGCL,Rapti Hydro And General Construction Limited,272.2,283.2,258.0,263.1,23887,6393201.0,277.7,406.0,191.6,2023-06-22T14:59:51.104774,263.1,223,267.64,1612.26
194,,2023-06-22,2841,RHPL,RASUWAGADHI HYDROPOWER COMPANY LIMITED,334.3,344.0,324.7,340.0,74596,24805929.6,337.2,371.0,210.0,2023-06-22T14:59:57.766004,340.0,305,332.53,20936.83
195,,2023-06-22,610,RIDI,Ridi Power Company Limited,278.0,278.0,267.1,274.3,51332,13931691.1,273.0,838.0,250.0,2023-06-22T14:59:54.254905,274.3,355,271.4,4248.64
196,,2023-06-22,587,RLFL,Reliance Finance Ltd.,339.6,340.0,325.1,332.0,17170,5689060.9,333.0,400.0,222.2,2023-06-22T14:59:20.544436,332.0,106,331.33,3495.98
197,,2023-06-22,575,RMDC,RMDC Laghubitta Bittiya Sanstha Ltd.,785.4,801.1,765.0,765.0,10708,8346449.2,770.0,1182.0,651.0,2023-06-22T14:59:18.331575,765.0,87,779.45,11962.64
198,,2023-06-22,4968,RMF1,RBB Mutual Fund 1,7.37,7.8,7.37,7.5,20225,153608.5,7.5,9.27,7.04,2023-06-22T14:51:41.544367,7.5,21,7.59,937.5
199,,2023-06-22,2748,RSDC,RSDC Laghubitta Bittiya Sanstha Ltd.,543.0,564.8,540.0,548.0,3479,1902911.1,543.0,693.0,450.0,2023-06-22T14:58:58.986673,548.0,60,546.97,4765.23
200,,2023-06-22,8036,RULB,Rastra Utthan Laghubitta Sanstha Limited,690.0,711.0,689.0,709.9,2335,1624542.0,703.0,1424.9,582.2,2023-06-22T14:59:46.637158,709.9,55,695.73,1845.74
201,,2023-06-22,2935,RURU,Ru Ru Jalbidhyut Pariyojana Limited,760.0,765.0,755.0,760.0,630,478160.0,760.0,1133.8,665.1,2023-06-22T14:52:27.061765,760.0,16,758.98,3749.26
202,,2023-06-22,2843,SABSL,Sabaiko Laghubitta Bittiya Sanstha Limited,683.9,686.0,671.0,678.0,610,413822.6,683.9,1200.0,566.0,2023-06-22T14:59:51.642697,678.0,22,678.39,2160.11
203,,2023-06-22,472,SADBL,Shangrila Development Bank Ltd.,327.0,330.0,321.0,323.5,26612,8614961.4,322.0,367.2,245.0,2023-06-22T14:59:19.833609,323.5,113,323.72,10570.66
204,,2023-06-22,2773,SAEF,Sanima Equity Fund,10.72,10.88,10.7,10.7,31200,334484.0,10.83,13.2,9.46,2023-06-22T14:57:14.008007,10.7,7,10.72,1391.0
205,,2023-06-22,9139,SAGF,Sanima Growth Fund,7.95,7.95,7.95,7.95,500,3975.0,8.11,10.0,7.2,2023-06-22T14:57:00.195828,7.95,4,7.95,534.66
206,,2023-06-22,8021,SAHAS,Sahas Urja Limited,515.0,534.0,515.0,525.0,16440,8619267.5,524.0,616.0,377.5,2023-06-22T14:59:58.430951,525.0,310,524.28,18375.0
207,,2023-06-22,185,SALICO,Sagarmatha Lumbini Insurance Co. Limited,745.7,759.8,735.0,752.0,27637,20708648.3,733.0,957.0,551.4,2023-06-22T14:59:49.082433,752.0,178,749.3,19722.24
208,,2023-06-22,171,SANIMA,Sanima Bank Limited,245.0,248.5,245.0,245.3,32549,8036622.9,247.1,285.0,222.0,2023-06-22T14:59:54.359385,245.3,197,246.9,30564.66
209,,2023-06-22,2860,SAPDBL,Saptakoshi Development Bank Ltd,247.8,248.0,236.6,239.0,10356,2490261.0,243.0,305.0,178.1,2023-06-22T14:59:47.561034,239.0,58,240.46,1994.07
210,,2023-06-22,2937,SBCF,Sunrise Bluechip Fund,7.48,7.77,7.48,7.75,23510,178788.1,7.62,9.68,6.85,2023-06-22T14:59:54.346535,7.75,19,7.6,968.75
211,,2023-06-22,135,SBI,Nepal SBI Bank Limited,331.1,334.0,329.7,330.0,13977,4616245.7,335.0,360.0,251.0,2023-06-22T14:57:05.037302,330.0,114,330.27,33398.08
212,,2023-06-22,2890,SBIBD86,10% Nepal SBI Bank Debenture 2086,894.2,894.2,894.2,894.2,25,22355.0,876.7,953.7,825.0,2023-06-22T14:40:46.433119,894.2,1,894.2,
213,,2023-06-22,8110,SBID83,10.25% Nepal SBI Bank Debenture 2083,970.0,970.0,970.0,970.0,40,38800.0,955.0,1000.0,851.0,2023-06-22T14:54:16.061783,970.0,2,970.0,
214,,2023-06-22,145,SBL,Siddhartha Bank Limited,247.0,247.0,239.5,241.9,31466,7632051.2,243.0,348.0,238.3,2023-06-22T14:59:46.354403,241.9,177,242.54,34083.66
215,,2023-06-22,2872,SBLD2082,10.50% SBL Debenture 2082,1010.0,1010.0,1010.0,1010.0,10,10100.0,1000.0,1056.5,920.0,2023-06-22T13:45:45.340069,1010.0,1,1010.0,
216,,2023-06-22,2912,SBLD84,8.5% SBL Debenture 2084,813.4,813.4,813.4,813.4,100,81340.0,797.5,880.0,774.2,2023-06-22T14:07:10.291582,813.4,5,813.4,
217,,2023-06-22,133,SCB,Standard Chartered Bank Limited,518.0,520.0,512.1,514.0,21675,11173160.9,518.0,555.0,375.0,2023-06-22T14:59:51.217907,514.0,224,515.48,48467.39
218,,2023-06-22,2896,SDLBSL,Sadhana Laghubitta Bittiya Sanstha Limited,690.0,715.0,690.0,715.0,789,550492.7,703.6,1190.0,596.0,2023-06-22T14:59:59.720156,715.0,29,697.7,2733.15
219,,2023-06-22,2770,SEF,Siddhartha Equity Fund,8.44,8.45,8.43,8.43,15000,126666.0,8.61,10.08,7.67,2023-06-22T14:53:53.764575,8.43,7,8.44,1264.5
220,,2023-06-22,256,SFCL,Samriddhi Finance Company Limited,300.0,307.0,291.0,295.1,36987,11106997.2,302.0,375.0,179.4,2023-06-22T14:59:58.853858,295.1,186,300.29,2416.61
221,,2023-06-22,9154,SFEF,Sunrise Focused Equity Fund,7.75,7.9,7.75,7.89,1400,10979.0,7.9,10.0,7.35,2023-06-22T14:59:05.518558,7.89,12,7.84,789.0
222,,2023-06-22,2877,SFMF,Sunrise First Mutual Fund,10.35,10.4,10.35,10.4,800,8302.0,10.37,12.05,8.53,2023-06-22T14:00:12.641612,10.4,4,10.37,894.4
223,,2023-06-22,8100,SGHC,Swet-Ganga Hydropower & Construction Limited ,303.1,303.1,281.0,291.7,18233,5293507.0,297.2,411.6,202.1,2023-06-22T14:59:58.293544,291.7,178,290.32,4646.78
224,,2023-06-22,2908,SGIC,Sanima GIC Insurance Limited,565.0,599.0,553.0,593.0,53872,31226128.8,560.1,611.0,325.5,2023-06-22T14:59:54.875919,593.0,515,579.63,11860.0
225,,2023-06-22,2934,SHEL,Singati Hydro Energy Limited,295.0,301.0,290.0,299.9,4458,1315542.0,300.0,403.9,206.1,2023-06-22T14:59:54.620592,299.9,88,295.09,4348.55
226,,2023-06-22,473,SHINE,Shine Resunga Development Bank Ltd.,369.1,376.0,365.0,368.0,70097,25886794.1,373.0,394.5,255.1,2023-06-22T14:59:53.961735,368.0,391,369.29,15764.69
227,,2023-06-22,2809,SHIVM,SHIVAM CEMENTS LTD,548.0,555.1,538.4,550.9,269498,147542183.9,545.5,878.0,389.8,2023-06-22T14:59:58.181103,550.9,1536,547.47,24239.6
228,,2023-06-22,147,SHL,Soaltee Hotel Limited,470.5,517.6,458.0,513.3,595602,296382738.1,470.6,517.6,186.7,2023-06-22T14:59:55.313103,513.3,2182,497.61,45412.42
229,,2023-06-22,8132,SHLB,Shrijanshil Laghubitta Bittiya Sanstha Limited,1122.0,1164.7,1102.0,1110.0,2600,2919903.5,1122.0,2485.2,906.0,2023-06-22T14:59:48.777828,1110.0,63,1123.03,1214.06
230,,2023-06-22,591,SHPC,Sanima Mai Hydropower Ltd.,373.0,385.0,368.1,371.0,75047,28012606.1,373.0,403.0,250.0,2023-06-22T14:59:58.443914,371.0,329,373.26,11461.12
231,,2023-06-22,192,SICL,Shikhar Insurance Co. Ltd.,826.0,832.0,810.0,822.8,22130,18167720.1,810.1,1010.0,682.0,2023-06-22T14:59:56.320619,822.8,258,820.95,21844.91
232,,2023-06-22,244,SIFC,Shree Investment Finance Co. Ltd.,341.7,347.0,333.3,333.3,10156,3435747.9,335.0,408.5,236.3,2023-06-22T14:59:48.547138,333.3,100,338.29,3271.95
233,,2023-06-22,2859,SIGS2,Siddhartha Investment Growth Scheme - 2,8.25,8.25,8.11,8.11,8600,70460.0,8.41,10.48,7.56,2023-06-22T13:35:43.786502,8.11,7,8.19,973.2
234,,2023-06-22,8126,SIKLES,Sikles Hydropower Limited,410.0,416.0,393.2,404.0,6386,2602293.5,418.0,510.0,315.5,2023-06-22T14:59:52.39277,404.0,113,407.49,3434.0
235,,2023-06-22,561,SINDU,Sindhu Bikash Bank Ltd,269.0,274.3,265.0,265.0,5480,1462317.8,269.0,347.8,220.6,2023-06-22T14:59:56.155187,265.0,45,266.84,1477.26
236,,2023-06-22,2842,SJCL,SANJEN JALAVIDHYUT COMPANY LIMITED,320.0,333.5,315.0,319.0,48911,15698319.3,324.0,359.0,210.0,2023-06-22T14:59:49.846777,319.0,232,320.95,10479.15
237,,2023-06-22,403,SJLIC,SuryaJyoti Life Insurance Company Limited,576.0,586.5,558.0,580.0,163772,94729925.6,565.1,600.6,351.0,2023-06-22T14:59:53.983833,580.0,880,578.42,26364.32
238,,2023-06-22,574,SKBBL,Sana Kisan Bikas Laghubitta Bittiya Sanstha Limited,947.0,947.0,905.0,913.0,10801,9911239.0,930.0,1325.0,755.0,2023-06-22T14:59:42.442834,913.0,157,917.62,17996.7
239,,2023-06-22,545,SLBBL,Swarojgar Laghu Bitta Bikas Bank Ltd.,647.0,655.0,637.0,637.0,2266,1466096.0,644.9,1115.0,523.0,2023-06-22T14:52:54.639095,637.0,33,646.99,3995.27
240,,2023-06-22,2804,SLBSL,Samudayik Laghubitta Bittiya Sanstha Limited,913.0,913.0,871.0,871.0,1466,1282843.0,900.0,1760.0,728.0,2023-06-22T14:59:44.155105,871.0,30,875.06,1149.72
241,,2023-06-22,2923,SLCF,Sanima Large Cap Fund,7.51,7.7,7.51,7.6,6070,46227.0,7.66,9.5,6.9,2023-06-22T14:49:13.325012,7.6,15,7.61,912.0
242,,2023-06-22,2761,SMATA,Samata Gharelu Laghubitta Bittiya Sanstha Limited,630.0,638.0,622.1,622.1,974,617729.0,625.0,963.0,552.0,2023-06-22T14:50:07.332308,622.1,12,634.21,2452.04
243,,2023-06-22,2771,SMB,Support Microfinance Bittiya Sanstha Ltd.,915.0,928.0,912.0,928.0,105,96086.5,930.0,1546.0,812.0,2023-06-22T14:35:54.787524,928.0,6,915.1,883.81
244,,2023-06-22,2829,SMFBS,Swabhimaan Laghubitta Bittiya Sanstha Limited,993.8,993.8,975.0,976.0,1988,1946279.0,1014.0,1862.0,788.5,2023-06-22T14:49:25.596838,976.0,14,979.01,1426.31
245,,2023-06-22,502,SMFDB,Summit Laghubitta Bittiya Sanstha Limited,907.0,907.0,888.5,888.5,1518,1350798.0,907.0,1443.0,749.0,2023-06-22T14:07:18.493695,888.5,11,889.85,4984.48
246,,2023-06-22,9148,SMH,Super Mai Hydropower Limited,550.1,570.0,550.1,568.0,1620,904634.0,557.0,629.6,391.0,2023-06-22T14:59:59.489357,568.0,77,558.41,2840.0
247,,2023-06-22,9146,SMHL,Super Madi Hydropower Limited,440.0,470.0,435.0,454.6,26027,11791433.3,445.0,506.0,299.0,2023-06-22T14:59:59.429259,454.6,351,453.04,9546.6
248,,2023-06-22,9159,SMJC,Sagarmatha Jalabidhyut Company Limited,275.0,278.0,266.0,266.2,21498,5834687.6,273.2,367.4,233.2,2023-06-22T14:59:58.285405,266.2,717,271.4,2981.44
249,,2023-06-22,8025,SPC,Samling Power Company Limited,409.2,441.0,401.8,406.0,3650,1498608.0,417.1,664.0,338.2,2023-06-22T14:59:56.508814,406.0,68,410.57,2030.0
250,,2023-06-22,2759,SPDL,Synergy Power Development Ltd.,279.0,293.0,275.7,278.0,16717,4661187.5,282.0,386.0,234.0,2023-06-22T14:59:40.659783,278.0,95,278.82,2242.28
251,,2023-06-22,8121,SPHL,Sayapatri Hydropower Limited,396.9,399.0,388.5,391.0,4160,1625876.0,405.0,520.2,194.8,2023-06-22T14:59:44.059297,391.0,66,390.83,351.9
252,,2023-06-22,182,SPIL,Siddhartha Premier Insurance Limited,733.0,774.8,733.0,765.0,39408,30155090.7,745.1,805.0,500.1,2023-06-22T14:59:56.521463,765.0,274,765.2,21470.11
253,,2023-06-22,9147,SPL,Shuvam Power Limited,730.1,790.0,707.0,790.0,3501,2550830.1,745.0,790.0,265.0,2023-06-22T14:59:57.841016,790.0,108,728.6,1580.0
254,,2023-06-22,359,SRBL,Sunrise Bank Limited,173.0,174.5,171.0,172.0,37112,6389962.7,172.9,226.5,171.0,2023-06-22T14:59:30.247299,172.0,145,172.18,17404.5
255,,2023-06-22,5982,SRLI,Sanima Reliance Life Insurance Limited,540.0,555.0,530.0,550.0,97740,53314221.3,535.0,571.2,311.5,2023-06-22T14:59:56.633787,550.0,969,545.46,23012.0
256,,2023-06-22,2907,SSHL,Shiva Shree Hydropower Ltd,206.0,206.0,199.0,200.0,137346,27766278.0,203.0,290.0,155.1,2023-06-22T14:59:34.380995,200.0,438,202.16,2952.8
257,,2023-06-22,155,STC,Salt Trading Corporation,4850.0,4899.0,4793.0,4830.0,3148,15207000.0,4849.0,5100.0,2870.0,2023-06-22T14:59:58.752364,4830.0,95,4830.68,13470.12
258,,2023-06-22,268,SWBBL,Swabalamban Laghubitta Bittiya Sanstha Limited,850.0,862.0,829.0,830.0,4856,4104496.3,845.8,1407.0,686.1,2023-06-22T14:59:40.840951,830.0,55,845.24,10711.11
259,,2023-06-22,706,SWMF,Suryodaya Womi Laghubitta Bittiya Sanstha Limited,695.0,706.9,683.0,685.0,2147,1481074.4,695.0,1001.0,539.1,2023-06-22T14:59:34.613698,685.0,35,689.83,6238.86
260,,2023-06-22,9156,TAMOR,Sanima Middle Tamor Hydropower Limited,305.0,317.0,301.0,304.0,52462,16065834.5,311.0,342.0,255.0,2023-06-22T14:59:58.327486,304.0,968,306.23,10130.8
261,,2023-06-22,8022,TPC,Terhathum Power Company Limited,385.9,409.0,380.0,405.0,2678,1032117.4,393.7,553.0,303.9,2023-06-22T14:59:58.851407,405.0,66,385.4,1620.0
262,,2023-06-22,148,TRH,Taragaon Regency Hotel Limited,734.0,792.0,725.4,792.0,129933,100377730.0,720.0,792.0,302.1,2023-06-22T14:59:35.946681,792.0,697,772.53,14942.3
263,,2023-06-22,8099,UHEWA,Upper Hewakhola Hydropower Company Limited,346.0,359.0,340.0,340.1,6443,2223910.5,346.0,481.0,130.2,2023-06-22T14:59:53.142581,340.1,139,345.16,1700.5
264,,2023-06-22,8063,ULBSL,Upakar Laghubitta Bittiya Sanstha Limited,1400.0,1422.9,1372.1,1372.1,797,1115837.3,1423.0,3951.4,1225.0,2023-06-22T14:59:03.00616,1372.1,43,1400.04,1456.46
265,,2023-06-22,2760,UMHL,United Modi Hydropower Ltd.,230.0,234.6,225.0,228.0,35436,8098935.1,230.0,334.0,192.1,2023-06-22T14:59:56.723481,228.0,151,228.55,2805.54
266,,2023-06-22,2914,UMRH,United IDI Mardi RB Hydropower Limited.,462.1,464.0,433.0,459.9,4805,2141839.5,462.0,849.9,390.0,2023-06-22T14:59:17.113466,459.9,58,445.75,1931.58
267,,2023-06-22,2831,UNHPL,Union Hydropower Limited,210.0,214.2,204.8,208.0,37871,7957077.5,210.0,280.0,165.1,2023-06-22T14:59:41.868322,208.0,145,210.11,1560.0
268,,2023-06-22,219,UNL,Unilever Nepal Limited,33288.0,33952.0,31505.0,31505.0,205,6716810.0,32642.0,37838.0,16556.7,2023-06-22T14:53:50.736019,31505.0,11,32764.92,29006.65
269,,2023-06-22,9140,UNLB,Unique Nepal Laghubitta Bittiya Sanstha Limited,1250.0,1265.0,1196.0,1259.0,5967,7355462.5,1244.0,2135.1,989.4,2023-06-22T14:59:52.744155,1259.0,572,1232.69,1870.56
270,,2023-06-22,2810,UPCL,UNIVERSAL POWER COMPANY LTD,227.0,229.0,220.6,223.9,100347,22483719.6,226.9,295.0,175.9,2023-06-22T14:59:57.770041,223.9,332,224.05,4702.68
271,,2023-06-22,2792,UPPER,Upper Tamakoshi Hydropower Ltd,475.5,475.5,454.0,455.0,79858,36794837.6,468.0,590.0,354.0,2023-06-22T14:59:57.26967,455.0,472,460.75,48184.5
272,,2023-06-22,8104,USHEC,Upper Solu Hydro Electric Company Limited,300.0,308.0,286.3,293.0,3601,1053381.0,297.3,431.9,237.0,2023-06-22T14:59:46.054518,293.0,109,292.52,3955.5
273,,2023-06-22,2774,USLB,Unnati Sahakarya Laghubitta Bittiya Sanstha Limited,761.0,776.0,761.0,776.0,308,235857.4,770.0,1159.9,659.0,2023-06-22T13:23:09.561264,776.0,6,765.77,1777.2
274,,2023-06-22,687,VLBS,Vijaya laghubitta Bittiya Sanstha Ltd.,650.0,655.0,636.2,640.0,774,499932.2,647.0,1140.0,561.0,2023-06-22T14:58:32.196361,640.0,23,645.9,2457.6
275,,2023-06-22,2781,WNLB,Wean Nepal Laghubitta Bittiya Sanstha Limited,877.0,890.0,843.0,843.0,421,368160.8,860.0,1157.8,694.0,2023-06-22T14:59:24.316228,843.0,13,874.49,667.75
